ID,NAME
5282 9787 6555,Michelle Cordova
7750 1479 /666,Jennifer Palmer
76393 0921 3872,Brianna Cervantes
8369 4828 9448,Michael Allen
4236 6672 6234,Veronica Walker
4043 5403 4880,Brooke Turner
©6861 6435 7/371,Maria Smith
8615 1690 6911,Donald Oliver
3620 7394 1774,2ydney Kelly
2081 5352 7435,4nge! Clark
3100 8295 8795,Ebony Henry
7217 8010 3004,Gregory Bennett
1478 3070 6527,Michael Rose
4443 2140 7159,Lisa Walker
2251 6200 3616,Crystal Ortega
©6291 0510 8880,Victor Jones
1822 5403 3298,Cody Bowen
8424 3114 4160,Eileen Huff
6177 6740 2954,Anthony Weaver
2432 4121 3339,Christopher Velasquez
7984 3045 9600,Melanie Oconnor
1097 1649 4329,Mrs. Monica Fitzpatrick
13485 8496 2418,Stacy Zuniga
9897 6147 0300,Mrs. Peggy Carson
9514 4268 3594,Ryan Payne
5785 7788 1060,Lauren Branch
2136 4016 1635,Tammy Campbell
4941 1094 9925,Melanie Hall
6525 5071 7/98,Teresa Williams
1497 2433 6271,“shley Foley
8512 29356 6770,Robert Perry
45385 8692 /147,Christina Lowery
8680 8146 7873,Micheal Jones
6434 55354 8615,Parker Martin
5195 5158 0369,Valerie Hill
5478 4759 9864,Elizabeth Henry DDS
7/971 9606 5998,Stephanie Willis
1907 4237 0263,Monica Lopez
4014 8494 8132,Louis Rice
9820 3429 7806,Timothy Mcdowell
6299 6612 3/757,Kirk Guerrero
3461 8529 2591,Linda Melton
5938 5894 6910,Jennifer Davis
4056 6358 3239,Mr. Shane Sweeney
8849 0414 3007,William Baker
7522 3012 3038,Micheal Morrow
8154 2346 9690,Krista Griffin
4224 1968 2282,|imothy Cooper
5786 4017 5482,Brandon Caldwell
3354 5698 6311,Caitlin Jones
3496 8589 4248,David Fox
1085 2310 5479,[ony Lane
1454 9833 0071,Patrick Fritz
3326 9072 6335,Kimberly Jimenez
2216 5099 4265,Mario Doyle
5540 2018 1816,Erica Meyer
7641 2440 6412,Samantha Buck
6330 4597 2536,Jordan Charles
5221 1864 2002,Kathryn Hansen
6583 4305 6330,Julie Murphy
8333 6165 7/414,Susan Webster
1787 1378 1309,Candice Castillo
©6450 3708 4415,Jeremy Hull
6771 6650 5955,Valerie Delacruz
9807 6810 7502,Jimmy King
9221 3507 4020,Jennifer Parker
5487 5143 0046,Daniel Huerta
7650 3073 1065,Richard Parks
4483 5785 6/00,Eryan Collins
8891 2116 7601,Alice Lynch
6980 7019 4963,[homas Jackson
3237 6825 8341,Ryan Hendricks
3577 6053 68219,Sarah Clark
3294 9305 8312,A4mMber Jones
5434 6078 9003,John Chan
4236 4297 5127,Erittany Atkins
3754 0160 2489,Natasha Johnson
5729 0276 1559,Kaitlyn Silva
8400 7/773 5464,Felicia Woods
6428 3144 9795,Beth Eaton
4330 7024 5040,Peggy Wheeler
9103 6628 8919,Jennifer Cannon MD
1181 0466 2440,Shawn Garcia
1686 7042 3454,4mMber Miller
8489 6710 5193,Nancy Richardson
7323 7740 1467,Katherine Dixon DDS
7335 6260 3991,Philip Stone
3704 2851 7091,Lisa Ortiz
5593 8775 8254,Oscar Black
7424 0250 4382,James Pollard
8614 8043 3496,Mark Oliver
4220 8169 8130,490 Mccoy
8668 1043 6841,AManda Ayala
6678 2478 0915,Travis Turner
1654 4995 2763,Melissa Smith
4272 2607 7847,Fieather Leonard
5458 2860 1189,Elizabeth Bates
8157 1327 7508,Mark Taylor
5594 7333 7299,Mr. Robert Hernandez
2695 6076 5342,Catherine Gentry
9148 3641 8339,Daniel Moore
1698 1325 3082,Henry Ho
8660 5456 2130,Elizabeth Hayes
5844 6568 1677,David Garcia
3039 9751 3330,Christopher Gray
6704 5365 3690,Richard Graham
7237 2317 1881,Sierra Martin PhD
2947 6061 9441,Cynthia Lee
1903 0024 7/252,Joshua Rodriguez
4920 2270 /506,4ustin Murray
2860 7787 4/726,Nicolas Simpson
2627 8376 9001,Lori Johnson
9603 9935 9998,4Manda Martinez
8643 5015 5009,/ayleor Forbes
1621 2968 0158,Christopher Rodriguez
7347 5011 8974,Erian Day
©6625 3453 8463,John Powers
7867 1809 8164,Richard Turner
3304 8358 0295,4My Castaneda
9919 1631 9816,Alex Baldwin
9736 3755 9148,Legan Peterson
3728 1175 0496,Larry Randall
7450 1795 7435,2€an Moore
7314 8895 2325,Dr. Tiffany Williams
5714 9036 0512,Brent Clark
19892 0933 /948,Dakota Martin
2580 4877 1971,Brent Burns
4292 6784 /625,Louis Russo
2005 9612 0993,Vanessa Smith
4618 8739 8295,David Welch
8155 0996 3960,Veronica Dyer
3491 9826 0445,Ms. Ashley Mullins DDS
7643 2257 3112,Barry Armstrong
3628 3780 8145,Dana Wells
5908 0008 2628,Christopher Diaz
5845 2860 8362,Kyle Cook
9296 4344 7/2753,Katie Lyons
5585 5230 4908,[racy Mahoney
1487 5964 3626,Justin Gibson
5551 3665 9172,Dominique Mason
4489 4138 5720,Jeremy Cooper
5840 8394 5298,Carrie Dunn
5487 8196 7007,Lindsay Hicks
2550 1812 5720,Jason Nguyen
5899 0769 8175,Elizabeth Ortiz
5783 0316 2548,Elizabeth Cervantes
7386 9484 4313,4nthony Wade
8084 6676 6456,Erian Dawson
2348 7564 0888,Mary Klein
3950 3870 0812,Deborah Jordan
2255 5700 2622,Greg Gonzalez
5789 4907 1062,Evan Miller
6302 9879 7/278,Sarah Simmons
7132 6517 6900,Erica Wang
7915 9629 5276,Walter Boyle
2914 2408 67/37,Jennifer Smith
7078 8130 0365,Jessica Mann
2543 7466 8914,Steven Alvarez
6982 3856 0572,Mike Peters
99888 5525 0340,Melanie Wood
9489 2446 2742,Leslie White
6987 2862 3799,Cathy Jones DDS
7101 6493 7688,Jamie Turner
3255 1748 1831,Nathan Burke
6903 9883 4519,Brianna Hamilton
4505 3406 9527,Erian Torres
1996 4/722 3732,Shelley Wilson
8647 1739 7470,Vincent Espinoza
5297 9353 4186,Casey Sanders
7975 7141 5492,Anthony Walton
5617 1623 2463,Eric Moss
5205 5514 7611,Nichole Stout
1867 4910 0898,Michael Martinez
6460 44351 9999,David Mcdowell
9787 8759 6396,Bonnie Williams
©0362 4572 5570,Eryan Smith
8462 9159 1689,Laurie Cole
9802 9325 9545,Phyllis Cox
3592 9024 7116,Rita Walsh
4431 4883 8541,Steven Clark
4688 8777 9076,Jason Taylor
7114 2518 0699,Jody Duran
4441 9912 7018,Christopher Thompson
1832 5867 5017,Alyssa Morrison
2022 3003 2863,Christopher Neal
3623 8134 /448,Katherine Hobbs
8762 0887/7 9788,Anthony Wheeler
5695 3247 24653,Michael Richards
7977 4408 6190,Sarah Smith
9179 4160 3885,Richard Gutierrez
1377 5097 5673,Nicole Sims
1158 1823 3911,Cynthia Henry
7758 6680 6847,Mr. Daniel Rios
1375 4307 3938,Christina Williams
8754 9879 4834,Breanna Cohen
7596 0192 4575,Jamie Harding
5255 1836 9127,William Simpson
7875 93354 0226,Janet Perry
3710 5301 0094,Daniel Lee
,
©6443 3194 0022,Kyle Peters
1495 8737 9687,Michael Smith
9811 5612 6828,Kathy Gonzales
1102 2567 4483,40Ne Murray
1192 5221 0133,James Miller
3521 1784 2682,Andre Chapman
5586 5525 8371,Robert Hunter
$356 8963 5738,Fo dney Brown
3803 8472 2627,[homas Vasquez
4730 5214 5789,Marilyn Rodriguez
5115 7589 0080,JUStin Cooper
3093 5078 1965,Kristen Williams
2450 3035 1850,George Floyd
3602 2267 9868,Eric Miller
1510 7796 6183,John Walker
4079 8381 1893,Joshua Keith
4853 4444 2691,Caitlin Davis
1949 8285 8480,Jessica Martin
9114 0422 9777,Frank Fields
7987 3914 7/457,Erendan Rodriguez
9343 3010 1040,Joseph Cruz
9678 7429 3946,Daniel Bailey
8349 6315 4454,Matthew Wilkerson PhD
4528 5620 9395,4Shiey Barnes
6890 4989 3937,Kristen Hill
9647 7697 0826,Natasha Barker
8126 2501 8612,Haley Brown
7570 3954 2724,James Hamilton
9193 6673 9389,David Hernandez
5734 4628 7521,4UtuUmMN Thompson
7612 8122 1545,Renee Bryant
4385 4140 1243,Dana Baker
2519 6489 4689,John Lopez
8549 7477 4230,Craig Donovan
8793 2679 0946,Morgan Graham
6036 6457 3905,James Avery
4524 3230 4365,Karen Kelley
1217 1926 8051,Morgan Good
3511 2503 1860,Susan Robinson
1264 1428 4765,Erian Clark
1018 823535 0124,4nthony Smith
3904 1875 7322,Daniel Obrien
3109 5449 9462,Charles Smith
9916 8036 4241,Megan Williams
9647 3786 3902,Carla Shaffer
8455 3479 22953,James Hernandez
1915 7560 2822,Jill Jackson
9583 5204 5021,Daniel Warren
7814 1117 1564,4Mber Taylor
2088 5106 5438,Andrew Williams
1733 2098 5326,Kristin Harmon
4205 0890 7458,Michael Harris
9288 9034 2451,Darin King
9340 2330 0488,Joe! Gonzalez
2390 6958 5422,Denna Mccarthy
2568 5680 7901,Joseph Gross
2561 8415 3465,Nicole Cabrera
5439 9426 2570,Pamela Thomas
4690 1733 2580,Erian Preston
7286 7773 2645,Charles Banks
5876 46235 3068,Kenneth Jensen
9083 8254 8396,James Meclure
8393 1140 4974,Alyssa Hoffman
5265 4761 1525,Debbie Johnson
8046 7324 4416,Peggy Keith
7877 0828 9194,Natalie Campbell
2615 8160 2245,Tanya Bridges
5930 2042 9404,Jackie Thompson
5243 6296 4404,Cynthia Bean
5406 1399 6993,Bruce Warner
5081 1143 5900,Ricardo Morris
7497 6764 0166,Joshua Kelly
9929 7938 2215,4Manda Luna
5987 5646 3369,Catherine Murphy
1825 5483 8506,|ammy Bender
2517 9857 8046,Christopher Martinez
4035 5899 2204,Christina Gonzalez
9294 6903 1738,Janet Morrison
1001 4297 6670,Sarah Coffey
